{"cameraMode":{"drawMode":0,"name":"Shaded","section":"Shading Mode"},"sceneLighting":true,"audioPlay":false,"sceneViewState":{"showFog":false,"showMaterialUpdate":false,"showSkybox":false,"showFlares":false,"showImageEffects":false,"showParticleSystems":false},"in2DMode":false,"pivot":{"x":-4.543618202209473,"y":2.377108335494995,"z":-2.6638803482055666},"rotation":{"x":0.048262372612953189,"y":-0.669876754283905,"z":0.04370437189936638,"w":0.7396119236946106},"size":3.8021984100341799,"orthographic":false}