{"cameraMode":{"drawMode":0,"name":"Shaded","section":"Shading Mode"},"sceneLighting":false,"audioPlay":false,"sceneViewState":{"showFog":false,"showMaterialUpdate":false,"showSkybox":false,"showFlares":false,"showImageEffects":false,"showParticleSystems":false},"in2DMode":false,"pivot":{"x":-0.30168384313583376,"y":-0.0007688924670219421,"z":0.43147701025009158},"rotation":{"x":0.042711224406957629,"y":-0.7882062792778015,"z":0.05490966513752937,"w":0.6114667654037476},"size":0.4615592956542969,"orthographic":false}