{"cameraMode":{"drawMode":0,"name":"Shaded","section":"Shading Mode"},"sceneLighting":false,"audioPlay":false,"sceneViewState":{"showFog":false,"showMaterialUpdate":false,"showSkybox":false,"showFlares":false,"showImageEffects":false,"showParticleSystems":false},"in2DMode":false,"pivot":{"x":-1.2316137552261353,"y":0.20299498736858369,"z":0.49626195430755618},"rotation":{"x":-0.03660157322883606,"y":-0.628390371799469,"z":0.029681431129574777,"w":-0.7764695286750794},"size":0.46212735772132876,"orthographic":false}