{"cameraMode":{"drawMode":0,"name":"Shaded","section":"Shading Mode"},"sceneLighting":true,"audioPlay":false,"sceneViewState":{"showFog":false,"showMaterialUpdate":false,"showSkybox":false,"showFlares":false,"showImageEffects":false,"showParticleSystems":false},"in2DMode":false,"pivot":{"x":4.137392044067383,"y":-0.5757433772087097,"z":1.4097007513046265},"rotation":{"x":0.31948181986808779,"y":0.1892298310995102,"z":-0.065277598798275,"w":0.9262085556983948},"size":4.392024993896484,"orthographic":false}