{"cameraMode":{"drawMode":0,"name":"Shaded","section":"Shading Mode"},"sceneLighting":true,"audioPlay":false,"sceneViewState":{"showFog":false,"showMaterialUpdate":false,"showSkybox":false,"showFlares":false,"showImageEffects":false,"showParticleSystems":false},"in2DMode":false,"pivot":{"x":12.203250885009766,"y":6.181089401245117,"z":-0.7310225963592529},"rotation":{"x":0.03254655748605728,"y":0.7652907371520996,"z":-0.03887569531798363,"w":0.6416849493980408},"size":10.371402740478516,"orthographic":false}