{"cameraMode":{"drawMode":0,"name":"Shaded","section":"Shading Mode"},"sceneLighting":false,"audioPlay":false,"sceneViewState":{"showFog":false,"showMaterialUpdate":false,"showSkybox":false,"showFlares":false,"showImageEffects":false,"showParticleSystems":false},"in2DMode":false,"pivot":{"x":0.9676589369773865,"y":0.44455623626708987,"z":9.03297233581543},"rotation":{"x":-0.04262791946530342,"y":-0.0038770269602537157,"z":0.00021210349223110825,"w":-0.9990835189819336},"size":22.0,"orthographic":false}