{"cameraMode":{"drawMode":0,"name":"Shaded","section":"Shading Mode"},"sceneLighting":true,"audioPlay":false,"sceneViewState":{"showFog":false,"showMaterialUpdate":false,"showSkybox":false,"showFlares":false,"showImageEffects":false,"showParticleSystems":false},"in2DMode":false,"pivot":{"x":-5.38042688369751,"y":0.5227779150009155,"z":0.3029767870903015},"rotation":{"x":0.17994479835033418,"y":-0.7210466861724854,"z":0.20355038344860078,"w":0.6373999714851379},"size":3.792024850845337,"orthographic":false}