{"cameraMode":{"drawMode":0,"name":"Shaded","section":"Shading Mode"},"sceneLighting":true,"audioPlay":false,"sceneViewState":{"showFog":false,"showMaterialUpdate":false,"showSkybox":false,"showFlares":false,"showImageEffects":false,"showParticleSystems":false},"in2DMode":false,"pivot":{"x":12.203250885009766,"y":6.181089401245117,"z":-0.7310225963592529},"rotation":{"x":0.11100172996520996,"y":-0.6832326054573059,"z":0.10618545860052109,"w":0.713860273361206},"size":10.371402740478516,"orthographic":false}