{"cameraMode":{"drawMode":0,"name":"Shaded","section":"Shading Mode"},"sceneLighting":true,"audioPlay":false,"sceneViewState":{"showFog":false,"showMaterialUpdate":false,"showSkybox":false,"showFlares":false,"showImageEffects":false,"showParticleSystems":false},"in2DMode":false,"pivot":{"x":4.071717262268066,"y":0.9593071937561035,"z":1.5083986520767213},"rotation":{"x":0.151535764336586,"y":-0.016340605914592744,"z":0.0024568031076341869,"w":0.9883136749267578},"size":4.922792911529541,"orthographic":false}